{"cameraMode":{"drawMode":0,"name":"Shaded","section":"Shading Mode"},"sceneLighting":true,"audioPlay":false,"sceneViewState":{"m_AlwaysRefresh":false,"showFog":true,"showSkybox":true,"showFlares":true,"showImageEffects":true,"showParticleSystems":true,"showVisualEffectGraphs":true,"m_FxEnabled":true},"in2DMode":false,"pivot":{"x":-1.019294261932373,"y":-9.549402236938477,"z":18.112764358520509},"rotation":{"x":-0.20138433575630189,"y":-0.026722069829702379,"z":0.005590272601693869,"w":-0.9793117046356201},"size":21.62891960144043,"orthographic":false}