{"cameraMode":{"drawMode":0,"name":"Shaded","section":"Shading Mode"},"sceneLighting":true,"audioPlay":false,"sceneViewState":{"m_AlwaysRefresh":false,"showFog":true,"showSkybox":true,"showFlares":true,"showImageEffects":true,"showParticleSystems":true,"showVisualEffectGraphs":true,"m_FxEnabled":true},"in2DMode":false,"pivot":{"x":12.36041259765625,"y":11.105307579040528,"z":7.143091201782227},"rotation":{"x":0.029482051730155946,"y":-0.9582805633544922,"z":0.26398012042045596,"w":0.10677444189786911},"size":4.29470157623291,"orthographic":false}